{
  "apiVersion": "1.0",
  "swaggerVersion": "1.2",
  "apis": [
    {
      "path": "/user",
      "description": "Operations about users"
    },
    {
      "path": "/games",
      "description": "Game queries/actions (pre-joining)"
    },
    {
      "path": "/game",
      "description": "Operations for the game you're in. (requires cookie)"
    },
    {
      "path": "/moves",
      "description": "Actions you can take mid game. (requires cookie)"
    },
    {
      "path": "/util",
      "description": "Change how the server runs"
    }
  ]
}
