{
    "apiVersion": "1",
    "swaggerVersion": "1.2",
    "basePath": "http:\/\/localhost:8081",
    "resourcePath": "\/user",
    "apis": [
        {
            "path": "\/user\/login",
            "description": "Logs a user in",
            "operations": [
                {
                    "httpMethod": "POST",
                    "summary": "Validates the player's credentials, and logs them in to the server (i.e., sets their catan.user HTTP cookie)",
                    "responseClass": "void",
                    "nickname": "login",
                    "consumes": "application/json",
                    "parameters": [
                        {
                            "paramType": "body",
                            "required": true,
                            "dataType": "Credentials",
                            "description": "The player's username and password"
                        }
                    ]
                }
            ]
        },
        {
            "path": "\/user\/register",
            "description": "Registers a user",
            "operations": [
                {
                    "httpMethod": "POST",
                    "summary": "Creates a new player account, and logs them in to the server (i.e., sets their catan.user HTTP cookie)",
                    "responseClass": "void",
                    "nickname": "login",
                    "consumes": "application/json",
                    "parameters": [
                        {
                            "paramType": "body",
                            "required": true,
                            "dataType": "Credentials",
                            "description": "The player's username and password"
                        }
                    ]
                }
            ]
        }
    ],
    "models": {
        "Credentials": {
            "id": "Credentials",
            "required": [
                "username",
                "password"
            ],
            "properties": {
                "username": {
                    "type": "string"
                },"password": {
                    "type": "string"
                }
            }
        }
    }
}
