{
  "apiVersion": "1",
  "swaggerVersion": "1.2",
  "basePath": "http:\/\/localhost:8081",
  "resourcePath": "\/util",
  "apis": [
    {
      "path": "\/util\/changeLogLevel",
      "operations": [
        {
          "httpMethod": "POST",
          "summary": "Sets the server's log level (ALL, SEVERE, WARNING ,INFO, CONFIG, FINE, FINER, FINEST, OFF)",
          "nickname": "changeLogLevel",
          "consumes":"application/json",
          "parameters": [
          {
            "paramType": "body",
            "required": true,
            "dataType": "ChangeLogLevelRequest"
            }
          ]
        }
      ]
    }
  ],
  "models": { "ChangeLogLevelRequest":{
      "id": "ChangeLogLevelRequest",
      "properties": {
        "logLevel": {
          "type": "string",
          "required":"true",
          "description":"The server's new log level.  The following values are allowed: ALL, SEVERE, WARNING ,INFO, CONFIG, FINE, FINER, FINEST, OFF"
         }
       }
    }}
}
